{"nbounces":3,
 "camera":{
 	"type":"pinhole",
 	"width":800,
 	"height":800,
 	"fov":35
 },
 "scene":{
 	"backgroundcolor":[0.01, 0.01, 0.01],
 	"lightsources":[
 		{
 		"type":"pointlight", 
 		"position": [0.1, 0.1, 0.1], 
 		"intensity":[1.0, 1.0, 1.0]
 		}
 	],
 	"shapes":[
 		{
 		"type":"sphere", 
 		"center": [0.2, 0.3, 0.4], 
 		"radius":0.3, 
 		"material":{
 			"ks":0.4,
 			"kd":0.8,
 			"specularexponent":3,
 			"diffusecolor":[0.4, 0.3, 0.4]
 			}
 		},
 		{
 		"type":"sphere", 
 		"center": [0.2, 0.5, 0.7], 
 		"radius":0.1, 
 		"material":{
 			"ks":0.6,
 			"kd":0.2,
 			"specularexponent":10000,
 			"diffusecolor":[0.4, 0.4, 0.4]
 			}
 		}
 	]
 }
}